folds,test_auc,test_acc
0,0.9779680000000001,0.9319999999999999
